Feature,Feature_Importance
OverTime,0.11949921855733361
YearsAtCompany,0.1053253076290221
Age,0.0685693178874514
YearsSinceLastPromotion,0.06306699971573528
MonthlyRate,0.052506294439028066
NumCompaniesWorked,0.04592861515557244
PercentSalaryHike,0.025908602783814332
DistanceFromHome,0.020542275393534763
YearsInCurrentRole,0.013186836053600428
Gender,0.01110653468976182
